{
  "weight_dc": 0.48120720455201316,
  "elo_wdl_coef": [
    [
      0.33226027776911093
    ],
    [
      -0.006694688965195223
    ],
    [
      -0.32556558880391556
    ]
  ],
  "elo_wdl_intercept": [
    0.17964343574847919,
    -0.18841230732605502,
    0.0087688715775195
  ],
  "elo_base": 1500.0,
  "elo_home_adv": 100.0,
  "validation": {
    "n": 2195,
    "ll_elo": 0.8589303200845182,
    "ll_dc": 0.85953750594423,
    "ll_ensemble": 0.8519937613746744,
    "gain_ci": [
      0.0017449886669331166,
      0.012114133022674839
    ],
    "verdict": "ENSEMBLE WINS \u2014 beats both single models, distinguishable from zero"
  }
}